game_id,season,season_id,track,season_type,exemption_reason,team_level_reasons,team_minutes_diff_min,team_minutes_diff_max,played_team_count
27600071,1976,1976-77,regular,Regular Season,team_no_played_rows,team_no_played_rows|team_no_played_rows,,,0
27600085,1976,1976-77,regular,Regular Season,team_no_played_rows,team_no_played_rows|team_no_played_rows,,,0
27600098,1976,1976-77,regular,Regular Season,team_no_played_rows,team_no_played_rows|team_no_played_rows,,,0
27600117,1976,1976-77,regular,Regular Season,team_no_played_rows,team_no_played_rows|team_no_played_rows,,,0
27600192,1976,1976-77,regular,Regular Season,team_no_played_rows,team_no_played_rows|team_no_played_rows,,,0
27600286,1976,1976-77,regular,Regular Season,team_no_played_rows,team_no_played_rows|team_no_played_rows,,,0
27600327,1976,1976-77,regular,Regular Season,team_no_played_rows,team_no_played_rows|team_no_played_rows,,,0
27600375,1976,1976-77,regular,Regular Season,team_no_played_rows,team_no_played_rows|team_no_played_rows,,,0
27600462,1976,1976-77,regular,Regular Season,team_no_played_rows,team_no_played_rows|team_no_played_rows,,,0
27600504,1976,1976-77,regular,Regular Season,team_no_played_rows,team_no_played_rows|team_no_played_rows,,,0
27600584,1976,1976-77,regular,Regular Season,team_no_played_rows,minutes_out_of_tolerance|team_no_played_rows,-197.0,-197.0,1
27600636,1976,1976-77,regular,Regular Season,team_no_played_rows,team_no_played_rows|team_no_played_rows,,,0
27600705,1976,1976-77,regular,Regular Season,team_no_played_rows,team_no_played_rows|team_no_played_rows,,,0
27600735,1976,1976-77,regular,Regular Season,minutes_out_of_tolerance,minutes_out_of_tolerance,0.0,19.0,2
27600760,1976,1976-77,regular,Regular Season,team_no_played_rows,team_no_played_rows|team_no_played_rows,,,0
27600796,1976,1976-77,regular,Regular Season,minutes_out_of_tolerance,minutes_out_of_tolerance,-238.0,0.0,2
27600819,1976,1976-77,regular,Regular Season,team_no_played_rows,team_no_played_rows,0.0,0.0,1
27600824,1976,1976-77,regular,Regular Season,team_no_played_rows,team_no_played_rows|team_no_played_rows,,,0
27600840,1976,1976-77,regular,Regular Season,team_no_played_rows,team_no_played_rows|team_no_played_rows,,,0
27600853,1976,1976-77,regular,Regular Season,team_no_played_rows,team_no_played_rows|team_no_played_rows,,,0
27600871,1976,1976-77,regular,Regular Season,team_no_played_rows,team_no_played_rows|team_no_played_rows,,,0
27700007,1977,1977-78,regular,Regular Season,team_no_played_rows,team_no_played_rows|team_no_played_rows,,,0
27700010,1977,1977-78,regular,Regular Season,team_no_played_rows,team_no_played_rows|team_no_played_rows,,,0
27700029,1977,1977-78,regular,Regular Season,team_no_played_rows,team_no_played_rows|team_no_played_rows,,,0
27700086,1977,1977-78,regular,Regular Season,team_no_played_rows,team_no_played_rows|team_no_played_rows,,,0
27700122,1977,1977-78,regular,Regular Season,team_no_played_rows,team_no_played_rows|team_no_played_rows,,,0
27700228,1977,1977-78,regular,Regular Season,minutes_out_of_tolerance,minutes_out_of_tolerance,0.0,11.0,2
27700256,1977,1977-78,regular,Regular Season,team_no_played_rows,team_no_played_rows|team_no_played_rows,,,0
27700318,1977,1977-78,regular,Regular Season,team_no_played_rows,team_no_played_rows|minutes_out_of_tolerance,-199.0,-199.0,1
27700367,1977,1977-78,regular,Regular Season,minutes_out_of_tolerance,minutes_out_of_tolerance|minutes_out_of_tolerance,-38.0,38.0,2
27700467,1977,1977-78,regular,Regular Season,minutes_out_of_tolerance,minutes_out_of_tolerance,-14.0,-4.0,2
27700521,1977,1977-78,regular,Regular Season,team_no_played_rows,team_no_played_rows|team_no_played_rows,,,0
27700548,1977,1977-78,regular,Regular Season,team_no_played_rows,team_no_played_rows|minutes_out_of_tolerance,-192.0,-192.0,1
27700586,1977,1977-78,regular,Regular Season,team_no_played_rows,team_no_played_rows|team_no_played_rows,,,0
27700686,1977,1977-78,regular,Regular Season,team_no_played_rows,team_no_played_rows|minutes_out_of_tolerance,-196.0,-196.0,1
27700694,1977,1977-78,regular,Regular Season,minutes_out_of_tolerance,minutes_out_of_tolerance|minutes_out_of_tolerance,-12.0,12.0,2
27700705,1977,1977-78,regular,Regular Season,team_no_played_rows,minutes_out_of_tolerance|team_no_played_rows,-213.0,-213.0,1
27700781,1977,1977-78,regular,Regular Season,team_no_played_rows,team_no_played_rows|team_no_played_rows,,,0
27700842,1977,1977-78,regular,Regular Season,team_no_played_rows,team_no_played_rows|team_no_played_rows,,,0
27700848,1977,1977-78,regular,Regular Season,team_no_played_rows,team_no_played_rows|team_no_played_rows,,,0
27700879,1977,1977-78,regular,Regular Season,team_no_played_rows,team_no_played_rows|team_no_played_rows,,,0
27700902,1977,1977-78,regular,Regular Season,team_no_played_rows,team_no_played_rows|team_no_played_rows,,,0
27800012,1978,1978-79,regular,Regular Season,team_no_played_rows,team_no_played_rows|minutes_out_of_tolerance,-222.0,-222.0,1
27800080,1978,1978-79,regular,Regular Season,team_no_played_rows,minutes_out_of_tolerance|team_no_played_rows,-200.0,-200.0,1
27800120,1978,1978-79,regular,Regular Season,team_no_played_rows,team_no_played_rows|team_no_played_rows,,,0
27800130,1978,1978-79,regular,Regular Season,minutes_out_of_tolerance,minutes_out_of_tolerance,-43.0,0.0,2
27800154,1978,1978-79,regular,Regular Season,team_no_played_rows,minutes_out_of_tolerance|team_no_played_rows,-215.0,-215.0,1
27800186,1978,1978-79,regular,Regular Season,team_no_played_rows,minutes_out_of_tolerance|team_no_played_rows,-201.0,-201.0,1
27800257,1978,1978-79,regular,Regular Season,team_no_played_rows,team_no_played_rows|team_no_played_rows,,,0
27800333,1978,1978-79,regular,Regular Season,team_no_played_rows,team_no_played_rows|minutes_out_of_tolerance,-197.0,-197.0,1
27800337,1978,1978-79,regular,Regular Season,minutes_out_of_tolerance,minutes_out_of_tolerance,-20.0,0.0,2
27800357,1978,1978-79,regular,Regular Season,minutes_out_of_tolerance,minutes_out_of_tolerance,0.0,37.0,2
27800390,1978,1978-79,regular,Regular Season,team_no_played_rows,team_no_played_rows|team_no_played_rows,,,0
27800407,1978,1978-79,regular,Regular Season,team_no_played_rows,team_no_played_rows|team_no_played_rows,,,0
27800417,1978,1978-79,regular,Regular Season,team_no_played_rows,team_no_played_rows|team_no_played_rows,,,0
27800561,1978,1978-79,regular,Regular Season,team_no_played_rows,team_no_played_rows|team_no_played_rows,,,0
27800762,1978,1978-79,regular,Regular Season,team_no_played_rows,team_no_played_rows|team_no_played_rows,,,0
27800806,1978,1978-79,regular,Regular Season,team_no_played_rows,team_no_played_rows|team_no_played_rows,,,0
27800812,1978,1978-79,regular,Regular Season,team_no_played_rows,team_no_played_rows|team_no_played_rows,,,0
27800823,1978,1978-79,regular,Regular Season,team_no_played_rows,team_no_played_rows|team_no_played_rows,,,0
27900048,1979,1979-80,regular,Regular Season,team_no_played_rows,team_no_played_rows|team_no_played_rows,,,0
27900365,1979,1979-80,regular,Regular Season,team_no_played_rows,team_no_played_rows|team_no_played_rows,,,0
27900561,1979,1979-80,regular,Regular Season,team_no_played_rows,team_no_played_rows|team_no_played_rows,,,0
27900562,1979,1979-80,regular,Regular Season,team_no_played_rows,team_no_played_rows|team_no_played_rows,,,0
27900591,1979,1979-80,regular,Regular Season,team_no_played_rows,team_no_played_rows|team_no_played_rows,,,0
27900605,1979,1979-80,regular,Regular Season,minutes_out_of_tolerance,minutes_out_of_tolerance,-16.0,0.0,2
27900723,1979,1979-80,regular,Regular Season,team_no_played_rows,team_no_played_rows|team_no_played_rows,,,0
27900755,1979,1979-80,regular,Regular Season,team_no_played_rows,team_no_played_rows|minutes_out_of_tolerance,-210.0,-210.0,1
28000159,1980,1980-81,regular,Regular Season,team_no_played_rows,team_no_played_rows|team_no_played_rows,,,0
28000196,1980,1980-81,regular,Regular Season,team_no_played_rows,team_no_played_rows|team_no_played_rows,,,0
28000408,1980,1980-81,regular,Regular Season,team_no_played_rows,team_no_played_rows|minutes_out_of_tolerance,-196.0,-196.0,1
28000589,1980,1980-81,regular,Regular Season,team_no_played_rows,team_no_played_rows|team_no_played_rows,,,0
28000844,1980,1980-81,regular,Regular Season,team_no_played_rows,team_no_played_rows|team_no_played_rows,,,0
28100005,1981,1981-82,regular,Regular Season,minutes_out_of_tolerance,minutes_out_of_tolerance|minutes_out_of_tolerance,-239.0,-150.0,2
28100019,1981,1981-82,regular,Regular Season,team_no_played_rows,team_no_played_rows,0.0,0.0,1
28100021,1981,1981-82,regular,Regular Season,team_no_played_rows,team_no_played_rows|team_no_played_rows,,,0
28100086,1981,1981-82,regular,Regular Season,team_no_played_rows,team_no_played_rows|team_no_played_rows,,,0
28100138,1981,1981-82,regular,Regular Season,team_no_played_rows,team_no_played_rows|team_no_played_rows,,,0
28100306,1981,1981-82,regular,Regular Season,team_no_played_rows,team_no_played_rows|team_no_played_rows,,,0
28100341,1981,1981-82,regular,Regular Season,team_no_played_rows,team_no_played_rows|minutes_out_of_tolerance,-205.0,-205.0,1
28100419,1981,1981-82,regular,Regular Season,team_no_played_rows,team_no_played_rows|team_no_played_rows,,,0
28100459,1981,1981-82,regular,Regular Season,team_no_played_rows,team_no_played_rows|team_no_played_rows,,,0
28100680,1981,1981-82,regular,Regular Season,team_no_played_rows,team_no_played_rows|minutes_out_of_tolerance,-213.0,-213.0,1
28100716,1981,1981-82,regular,Regular Season,minutes_out_of_tolerance,minutes_out_of_tolerance,0.0,24.0,2
28100775,1981,1981-82,regular,Regular Season,team_no_played_rows,team_no_played_rows|team_no_played_rows,,,0
28100882,1981,1981-82,regular,Regular Season,minutes_out_of_tolerance,minutes_out_of_tolerance,0.0,34.0,2
28200035,1982,1982-83,regular,Regular Season,minutes_out_of_tolerance,minutes_out_of_tolerance,-11.0,0.0,2
28200175,1982,1982-83,regular,Regular Season,minutes_out_of_tolerance,minutes_out_of_tolerance|minutes_out_of_tolerance,-28.0,28.0,2
28200213,1982,1982-83,regular,Regular Season,minutes_out_of_tolerance,minutes_out_of_tolerance,0.0,40.0,2
28200278,1982,1982-83,regular,Regular Season,team_no_played_rows,team_no_played_rows|minutes_out_of_tolerance,-215.0,-215.0,1
28200514,1982,1982-83,regular,Regular Season,minutes_out_of_tolerance,minutes_out_of_tolerance,0.0,13.0,2
28200540,1982,1982-83,regular,Regular Season,team_no_played_rows,team_no_played_rows|minutes_out_of_tolerance,-194.0,-194.0,1
28200859,1982,1982-83,regular,Regular Season,minutes_out_of_tolerance,minutes_out_of_tolerance,0.0,14.0,2
28300095,1983,1983-84,regular,Regular Season,minutes_out_of_tolerance,minutes_out_of_tolerance,0.0,12.0,2
28300800,1983,1983-84,regular,Regular Season,minutes_out_of_tolerance,minutes_out_of_tolerance,0.0,26.0,2
28400015,1984,1984-85,regular,Regular Season,minutes_out_of_tolerance,minutes_out_of_tolerance,-35.0,0.0,2
28400017,1984,1984-85,regular,Regular Season,minutes_out_of_tolerance,minutes_out_of_tolerance,-37.0,0.0,2
28400025,1984,1984-85,regular,Regular Season,minutes_out_of_tolerance,minutes_out_of_tolerance,-31.0,0.0,2
28400026,1984,1984-85,regular,Regular Season,minutes_out_of_tolerance,minutes_out_of_tolerance,-5.0,11.0,2
28400032,1984,1984-85,regular,Regular Season,minutes_out_of_tolerance,minutes_out_of_tolerance,-11.0,0.0,2
28400036,1984,1984-85,regular,Regular Season,minutes_out_of_tolerance,minutes_out_of_tolerance,-34.0,-1.0,2
28400039,1984,1984-85,regular,Regular Season,minutes_out_of_tolerance,minutes_out_of_tolerance,-26.0,0.0,2
28400040,1984,1984-85,regular,Regular Season,minutes_out_of_tolerance,minutes_out_of_tolerance,-28.0,0.0,2
28400043,1984,1984-85,regular,Regular Season,minutes_out_of_tolerance,minutes_out_of_tolerance,-11.0,0.0,2
28400046,1984,1984-85,regular,Regular Season,minutes_out_of_tolerance,minutes_out_of_tolerance,-11.0,0.0,2
28400047,1984,1984-85,regular,Regular Season,minutes_out_of_tolerance,minutes_out_of_tolerance,-21.0,0.0,2
28400048,1984,1984-85,regular,Regular Season,minutes_out_of_tolerance,minutes_out_of_tolerance,-27.0,0.0,2
28400060,1984,1984-85,regular,Regular Season,minutes_out_of_tolerance,minutes_out_of_tolerance,-24.0,0.0,2
28400062,1984,1984-85,regular,Regular Season,minutes_out_of_tolerance,minutes_out_of_tolerance,-22.0,0.0,2
28400067,1984,1984-85,regular,Regular Season,minutes_out_of_tolerance,minutes_out_of_tolerance,-14.0,0.0,2
28400070,1984,1984-85,regular,Regular Season,minutes_out_of_tolerance,minutes_out_of_tolerance,-38.0,0.0,2
28400071,1984,1984-85,regular,Regular Season,minutes_out_of_tolerance,minutes_out_of_tolerance,-13.0,0.0,2
28400076,1984,1984-85,regular,Regular Season,minutes_out_of_tolerance,minutes_out_of_tolerance,-38.0,0.0,2
28400078,1984,1984-85,regular,Regular Season,minutes_out_of_tolerance,minutes_out_of_tolerance,-35.0,-7.0,2
28400081,1984,1984-85,regular,Regular Season,minutes_out_of_tolerance,minutes_out_of_tolerance,-17.0,0.0,2
28400088,1984,1984-85,regular,Regular Season,minutes_out_of_tolerance,minutes_out_of_tolerance,-31.0,0.0,2
28400090,1984,1984-85,regular,Regular Season,minutes_out_of_tolerance,minutes_out_of_tolerance,-12.0,0.0,2
28400098,1984,1984-85,regular,Regular Season,minutes_out_of_tolerance,minutes_out_of_tolerance,-20.0,-6.0,2
28400099,1984,1984-85,regular,Regular Season,minutes_out_of_tolerance,minutes_out_of_tolerance,-11.0,0.0,2
28400103,1984,1984-85,regular,Regular Season,minutes_out_of_tolerance,minutes_out_of_tolerance,-20.0,-10.0,2
28400112,1984,1984-85,regular,Regular Season,minutes_out_of_tolerance,minutes_out_of_tolerance,-18.0,0.0,2
28400113,1984,1984-85,regular,Regular Season,minutes_out_of_tolerance,minutes_out_of_tolerance,-30.0,0.0,2
28400115,1984,1984-85,regular,Regular Season,minutes_out_of_tolerance,minutes_out_of_tolerance,-28.0,0.0,2
28400119,1984,1984-85,regular,Regular Season,minutes_out_of_tolerance,minutes_out_of_tolerance,-17.0,-1.0,2
28400125,1984,1984-85,regular,Regular Season,minutes_out_of_tolerance,minutes_out_of_tolerance,-20.0,0.0,2
28400126,1984,1984-85,regular,Regular Season,minutes_out_of_tolerance,minutes_out_of_tolerance,-36.0,0.0,2
28400129,1984,1984-85,regular,Regular Season,minutes_out_of_tolerance,minutes_out_of_tolerance,-42.0,0.0,2
28400132,1984,1984-85,regular,Regular Season,minutes_out_of_tolerance,minutes_out_of_tolerance,-29.0,0.0,2
28400134,1984,1984-85,regular,Regular Season,minutes_out_of_tolerance,minutes_out_of_tolerance,-41.0,0.0,2
28400135,1984,1984-85,regular,Regular Season,minutes_out_of_tolerance,minutes_out_of_tolerance,-37.0,0.0,2
28400138,1984,1984-85,regular,Regular Season,minutes_out_of_tolerance,minutes_out_of_tolerance|minutes_out_of_tolerance,-43.0,-14.0,2
28400141,1984,1984-85,regular,Regular Season,minutes_out_of_tolerance,minutes_out_of_tolerance,-41.0,0.0,2
28400154,1984,1984-85,regular,Regular Season,minutes_out_of_tolerance,minutes_out_of_tolerance,-34.0,0.0,2
28400159,1984,1984-85,regular,Regular Season,minutes_out_of_tolerance,minutes_out_of_tolerance,-15.0,-6.0,2
28400160,1984,1984-85,regular,Regular Season,minutes_out_of_tolerance,minutes_out_of_tolerance,-42.0,0.0,2
28400163,1984,1984-85,regular,Regular Season,minutes_out_of_tolerance,minutes_out_of_tolerance,-34.0,0.0,2
28400168,1984,1984-85,regular,Regular Season,minutes_out_of_tolerance,minutes_out_of_tolerance,-29.0,0.0,2
28400171,1984,1984-85,regular,Regular Season,minutes_out_of_tolerance,minutes_out_of_tolerance,-16.0,0.0,2
28400176,1984,1984-85,regular,Regular Season,minutes_out_of_tolerance,minutes_out_of_tolerance,-34.0,0.0,2
28400184,1984,1984-85,regular,Regular Season,minutes_out_of_tolerance,minutes_out_of_tolerance,-11.0,0.0,2
28400186,1984,1984-85,regular,Regular Season,minutes_out_of_tolerance,minutes_out_of_tolerance,-37.0,0.0,2
28400188,1984,1984-85,regular,Regular Season,minutes_out_of_tolerance,minutes_out_of_tolerance,-17.0,0.0,2
28400194,1984,1984-85,regular,Regular Season,minutes_out_of_tolerance,minutes_out_of_tolerance,-38.0,0.0,2
28400203,1984,1984-85,regular,Regular Season,minutes_out_of_tolerance,minutes_out_of_tolerance,-18.0,0.0,2
28400208,1984,1984-85,regular,Regular Season,minutes_out_of_tolerance,minutes_out_of_tolerance,-19.0,0.0,2
28400210,1984,1984-85,regular,Regular Season,minutes_out_of_tolerance,minutes_out_of_tolerance,-15.0,0.0,2
28400214,1984,1984-85,regular,Regular Season,minutes_out_of_tolerance,minutes_out_of_tolerance,-22.0,0.0,2
28400218,1984,1984-85,regular,Regular Season,minutes_out_of_tolerance,minutes_out_of_tolerance,-38.0,0.0,2
28400221,1984,1984-85,regular,Regular Season,minutes_out_of_tolerance,minutes_out_of_tolerance,-11.0,0.0,2
28400229,1984,1984-85,regular,Regular Season,minutes_out_of_tolerance,minutes_out_of_tolerance|minutes_out_of_tolerance,-40.0,-17.0,2
28400234,1984,1984-85,regular,Regular Season,minutes_out_of_tolerance,minutes_out_of_tolerance,-27.0,0.0,2
28400237,1984,1984-85,regular,Regular Season,minutes_out_of_tolerance,minutes_out_of_tolerance,-26.0,0.0,2
28400239,1984,1984-85,regular,Regular Season,minutes_out_of_tolerance,minutes_out_of_tolerance,-16.0,0.0,2
28400243,1984,1984-85,regular,Regular Season,minutes_out_of_tolerance,minutes_out_of_tolerance,-41.0,0.0,2
28400245,1984,1984-85,regular,Regular Season,minutes_out_of_tolerance,minutes_out_of_tolerance,-18.0,0.0,2
28400247,1984,1984-85,regular,Regular Season,minutes_out_of_tolerance,minutes_out_of_tolerance,-42.0,0.0,2
28400248,1984,1984-85,regular,Regular Season,minutes_out_of_tolerance,minutes_out_of_tolerance,-19.0,0.0,2
28400255,1984,1984-85,regular,Regular Season,minutes_out_of_tolerance,minutes_out_of_tolerance,-16.0,0.0,2
28400260,1984,1984-85,regular,Regular Season,minutes_out_of_tolerance,minutes_out_of_tolerance,-44.0,0.0,2
28400262,1984,1984-85,regular,Regular Season,minutes_out_of_tolerance,minutes_out_of_tolerance,-23.0,0.0,2
28400265,1984,1984-85,regular,Regular Season,minutes_out_of_tolerance,minutes_out_of_tolerance,-21.0,0.0,2
28400268,1984,1984-85,regular,Regular Season,minutes_out_of_tolerance,minutes_out_of_tolerance,-26.0,8.0,2
28400273,1984,1984-85,regular,Regular Season,minutes_out_of_tolerance,minutes_out_of_tolerance,-33.0,0.0,2
28400274,1984,1984-85,regular,Regular Season,minutes_out_of_tolerance,minutes_out_of_tolerance,-23.0,0.0,2
28400275,1984,1984-85,regular,Regular Season,minutes_out_of_tolerance,minutes_out_of_tolerance|minutes_out_of_tolerance,-16.0,-11.0,2
28400279,1984,1984-85,regular,Regular Season,minutes_out_of_tolerance,minutes_out_of_tolerance,-23.0,0.0,2
28400282,1984,1984-85,regular,Regular Season,minutes_out_of_tolerance,minutes_out_of_tolerance,-41.0,0.0,2
28400287,1984,1984-85,regular,Regular Season,minutes_out_of_tolerance,minutes_out_of_tolerance,-11.0,0.0,2
28400290,1984,1984-85,regular,Regular Season,minutes_out_of_tolerance,minutes_out_of_tolerance|minutes_out_of_tolerance,-39.0,-21.0,2
28400293,1984,1984-85,regular,Regular Season,minutes_out_of_tolerance,minutes_out_of_tolerance,-22.0,0.0,2
28400299,1984,1984-85,regular,Regular Season,minutes_out_of_tolerance,minutes_out_of_tolerance,-13.0,0.0,2
28400303,1984,1984-85,regular,Regular Season,minutes_out_of_tolerance,minutes_out_of_tolerance,-42.0,0.0,2
28400305,1984,1984-85,regular,Regular Season,minutes_out_of_tolerance,minutes_out_of_tolerance,-27.0,0.0,2
28400312,1984,1984-85,regular,Regular Season,minutes_out_of_tolerance,minutes_out_of_tolerance|minutes_out_of_tolerance,-17.0,-11.0,2
28400314,1984,1984-85,regular,Regular Season,minutes_out_of_tolerance,minutes_out_of_tolerance,-40.0,0.0,2
28400318,1984,1984-85,regular,Regular Season,minutes_out_of_tolerance,minutes_out_of_tolerance,-23.0,0.0,2
28400327,1984,1984-85,regular,Regular Season,minutes_out_of_tolerance,minutes_out_of_tolerance,-21.0,0.0,2
28400329,1984,1984-85,regular,Regular Season,minutes_out_of_tolerance,minutes_out_of_tolerance,-23.0,0.0,2
28400334,1984,1984-85,regular,Regular Season,minutes_out_of_tolerance,minutes_out_of_tolerance,-37.0,0.0,2
28400335,1984,1984-85,regular,Regular Season,minutes_out_of_tolerance,minutes_out_of_tolerance,-14.0,0.0,2
28400336,1984,1984-85,regular,Regular Season,minutes_out_of_tolerance,minutes_out_of_tolerance,-15.0,0.0,2
28400337,1984,1984-85,regular,Regular Season,minutes_out_of_tolerance,minutes_out_of_tolerance,-24.0,0.0,2
28400339,1984,1984-85,regular,Regular Season,minutes_out_of_tolerance,minutes_out_of_tolerance,-17.0,0.0,2
28400341,1984,1984-85,regular,Regular Season,minutes_out_of_tolerance,minutes_out_of_tolerance,-29.0,0.0,2
28400345,1984,1984-85,regular,Regular Season,minutes_out_of_tolerance,minutes_out_of_tolerance,-20.0,0.0,2
28400346,1984,1984-85,regular,Regular Season,minutes_out_of_tolerance,minutes_out_of_tolerance,-12.0,0.0,2
28400347,1984,1984-85,regular,Regular Season,minutes_out_of_tolerance,minutes_out_of_tolerance,-19.0,0.0,2
28400348,1984,1984-85,regular,Regular Season,minutes_out_of_tolerance,minutes_out_of_tolerance,-41.0,0.0,2
28400350,1984,1984-85,regular,Regular Season,minutes_out_of_tolerance,minutes_out_of_tolerance,-19.0,0.0,2
28400359,1984,1984-85,regular,Regular Season,minutes_out_of_tolerance,minutes_out_of_tolerance|minutes_out_of_tolerance,-30.0,-17.0,2
28400363,1984,1984-85,regular,Regular Season,minutes_out_of_tolerance,minutes_out_of_tolerance,-12.0,0.0,2
28400364,1984,1984-85,regular,Regular Season,minutes_out_of_tolerance,minutes_out_of_tolerance,-20.0,0.0,2
28400368,1984,1984-85,regular,Regular Season,minutes_out_of_tolerance,minutes_out_of_tolerance|minutes_out_of_tolerance,-40.0,-20.0,2
28400372,1984,1984-85,regular,Regular Season,minutes_out_of_tolerance,minutes_out_of_tolerance,-36.0,0.0,2
28400376,1984,1984-85,regular,Regular Season,minutes_out_of_tolerance,minutes_out_of_tolerance,-34.0,0.0,2
28400377,1984,1984-85,regular,Regular Season,minutes_out_of_tolerance,minutes_out_of_tolerance|minutes_out_of_tolerance,-17.0,-14.0,2
28400383,1984,1984-85,regular,Regular Season,minutes_out_of_tolerance,minutes_out_of_tolerance,-26.0,0.0,2
28400386,1984,1984-85,regular,Regular Season,minutes_out_of_tolerance,minutes_out_of_tolerance,-14.0,0.0,2
28400389,1984,1984-85,regular,Regular Season,minutes_out_of_tolerance,minutes_out_of_tolerance,-17.0,0.0,2
28400395,1984,1984-85,regular,Regular Season,minutes_out_of_tolerance,minutes_out_of_tolerance,-34.0,0.0,2
28400400,1984,1984-85,regular,Regular Season,minutes_out_of_tolerance,minutes_out_of_tolerance,-16.0,0.0,2
28400401,1984,1984-85,regular,Regular Season,minutes_out_of_tolerance,minutes_out_of_tolerance,-37.0,0.0,2
28400402,1984,1984-85,regular,Regular Season,minutes_out_of_tolerance,minutes_out_of_tolerance,-22.0,0.0,2
28400408,1984,1984-85,regular,Regular Season,minutes_out_of_tolerance,minutes_out_of_tolerance,-18.0,0.0,2
28400411,1984,1984-85,regular,Regular Season,minutes_out_of_tolerance,minutes_out_of_tolerance,-43.0,0.0,2
28400415,1984,1984-85,regular,Regular Season,minutes_out_of_tolerance,minutes_out_of_tolerance,-22.0,0.0,2
28400418,1984,1984-85,regular,Regular Season,minutes_out_of_tolerance,minutes_out_of_tolerance,-36.0,0.0,2
28400421,1984,1984-85,regular,Regular Season,minutes_out_of_tolerance,minutes_out_of_tolerance,-24.0,0.0,2
28400425,1984,1984-85,regular,Regular Season,minutes_out_of_tolerance,minutes_out_of_tolerance,-11.0,0.0,2
28400427,1984,1984-85,regular,Regular Season,minutes_out_of_tolerance,minutes_out_of_tolerance,-40.0,0.0,2
28400429,1984,1984-85,regular,Regular Season,minutes_out_of_tolerance,minutes_out_of_tolerance,-13.0,0.0,2
28400442,1984,1984-85,regular,Regular Season,minutes_out_of_tolerance,minutes_out_of_tolerance,-41.0,0.0,2
28400444,1984,1984-85,regular,Regular Season,minutes_out_of_tolerance,minutes_out_of_tolerance,-11.0,0.0,2
28400445,1984,1984-85,regular,Regular Season,minutes_out_of_tolerance,minutes_out_of_tolerance,-30.0,0.0,2
28400452,1984,1984-85,regular,Regular Season,minutes_out_of_tolerance,minutes_out_of_tolerance,-41.0,0.0,2
28400455,1984,1984-85,regular,Regular Season,minutes_out_of_tolerance,minutes_out_of_tolerance,-14.0,0.0,2
28400459,1984,1984-85,regular,Regular Season,minutes_out_of_tolerance,minutes_out_of_tolerance,-41.0,0.0,2
28400464,1984,1984-85,regular,Regular Season,minutes_out_of_tolerance,minutes_out_of_tolerance,-21.0,-1.0,2
28400467,1984,1984-85,regular,Regular Season,minutes_out_of_tolerance,minutes_out_of_tolerance,-39.0,0.0,2
28400468,1984,1984-85,regular,Regular Season,minutes_out_of_tolerance,minutes_out_of_tolerance,-13.0,0.0,2
28400469,1984,1984-85,regular,Regular Season,minutes_out_of_tolerance,minutes_out_of_tolerance,-17.0,0.0,2
28400474,1984,1984-85,regular,Regular Season,minutes_out_of_tolerance,minutes_out_of_tolerance,-12.0,0.0,2
28400477,1984,1984-85,regular,Regular Season,minutes_out_of_tolerance,minutes_out_of_tolerance,-17.0,0.0,2
28400479,1984,1984-85,regular,Regular Season,minutes_out_of_tolerance,minutes_out_of_tolerance,-38.0,0.0,2
28400482,1984,1984-85,regular,Regular Season,minutes_out_of_tolerance,minutes_out_of_tolerance,-14.0,0.0,2
28400486,1984,1984-85,regular,Regular Season,minutes_out_of_tolerance,minutes_out_of_tolerance,-14.0,0.0,2
28400489,1984,1984-85,regular,Regular Season,minutes_out_of_tolerance,minutes_out_of_tolerance,-38.0,0.0,2
28400499,1984,1984-85,regular,Regular Season,minutes_out_of_tolerance,minutes_out_of_tolerance,-40.0,0.0,2
28400500,1984,1984-85,regular,Regular Season,minutes_out_of_tolerance,minutes_out_of_tolerance,-19.0,0.0,2
28400502,1984,1984-85,regular,Regular Season,minutes_out_of_tolerance,minutes_out_of_tolerance,-15.0,0.0,2
28400511,1984,1984-85,regular,Regular Season,minutes_out_of_tolerance,minutes_out_of_tolerance,-83.0,0.0,2
28400512,1984,1984-85,regular,Regular Season,minutes_out_of_tolerance,minutes_out_of_tolerance,-19.0,0.0,2
28400516,1984,1984-85,regular,Regular Season,minutes_out_of_tolerance,minutes_out_of_tolerance,-36.0,0.0,2
28400518,1984,1984-85,regular,Regular Season,minutes_out_of_tolerance,minutes_out_of_tolerance,-39.0,0.0,2
28400522,1984,1984-85,regular,Regular Season,minutes_out_of_tolerance,minutes_out_of_tolerance,-30.0,0.0,2
28400525,1984,1984-85,regular,Regular Season,minutes_out_of_tolerance,minutes_out_of_tolerance,-25.0,0.0,2
28400532,1984,1984-85,regular,Regular Season,minutes_out_of_tolerance,minutes_out_of_tolerance,-37.0,0.0,2
28400538,1984,1984-85,regular,Regular Season,minutes_out_of_tolerance,minutes_out_of_tolerance,-40.0,0.0,2
28400545,1984,1984-85,regular,Regular Season,minutes_out_of_tolerance,minutes_out_of_tolerance,0.0,14.0,2
28400547,1984,1984-85,regular,Regular Season,minutes_out_of_tolerance,minutes_out_of_tolerance,-18.0,0.0,2
28400558,1984,1984-85,regular,Regular Season,minutes_out_of_tolerance,minutes_out_of_tolerance|minutes_out_of_tolerance,-39.0,-11.0,2
28400562,1984,1984-85,regular,Regular Season,minutes_out_of_tolerance,minutes_out_of_tolerance,-14.0,0.0,2
28400572,1984,1984-85,regular,Regular Season,minutes_out_of_tolerance,minutes_out_of_tolerance,-19.0,0.0,2
28400573,1984,1984-85,regular,Regular Season,minutes_out_of_tolerance,minutes_out_of_tolerance,-34.0,0.0,2
28400577,1984,1984-85,regular,Regular Season,minutes_out_of_tolerance,minutes_out_of_tolerance,-27.0,-9.0,2
28400581,1984,1984-85,regular,Regular Season,minutes_out_of_tolerance,minutes_out_of_tolerance,-18.0,0.0,2
28400584,1984,1984-85,regular,Regular Season,minutes_out_of_tolerance,minutes_out_of_tolerance,-12.0,0.0,2
28400588,1984,1984-85,regular,Regular Season,minutes_out_of_tolerance,minutes_out_of_tolerance,-19.0,0.0,2
28400593,1984,1984-85,regular,Regular Season,minutes_out_of_tolerance,minutes_out_of_tolerance,-24.0,0.0,2
28400595,1984,1984-85,regular,Regular Season,minutes_out_of_tolerance,minutes_out_of_tolerance,-29.0,0.0,2
28400600,1984,1984-85,regular,Regular Season,minutes_out_of_tolerance,minutes_out_of_tolerance,-45.0,0.0,2
28400602,1984,1984-85,regular,Regular Season,minutes_out_of_tolerance,minutes_out_of_tolerance,-21.0,0.0,2
28400604,1984,1984-85,regular,Regular Season,minutes_out_of_tolerance,minutes_out_of_tolerance,-11.0,0.0,2
28400607,1984,1984-85,regular,Regular Season,minutes_out_of_tolerance,minutes_out_of_tolerance,-38.0,0.0,2
28400612,1984,1984-85,regular,Regular Season,minutes_out_of_tolerance,minutes_out_of_tolerance,-29.0,0.0,2
28400613,1984,1984-85,regular,Regular Season,minutes_out_of_tolerance,minutes_out_of_tolerance,-37.0,0.0,2
28400616,1984,1984-85,regular,Regular Season,minutes_out_of_tolerance,minutes_out_of_tolerance,-38.0,0.0,2
28400617,1984,1984-85,regular,Regular Season,minutes_out_of_tolerance,minutes_out_of_tolerance,-25.0,0.0,2
28400622,1984,1984-85,regular,Regular Season,minutes_out_of_tolerance,minutes_out_of_tolerance,-36.0,0.0,2
28400627,1984,1984-85,regular,Regular Season,minutes_out_of_tolerance,minutes_out_of_tolerance,-22.0,0.0,2
28400629,1984,1984-85,regular,Regular Season,minutes_out_of_tolerance,minutes_out_of_tolerance,-41.0,0.0,2
28400634,1984,1984-85,regular,Regular Season,minutes_out_of_tolerance,minutes_out_of_tolerance,-42.0,0.0,2
28400642,1984,1984-85,regular,Regular Season,minutes_out_of_tolerance,minutes_out_of_tolerance,-16.0,0.0,2
28400645,1984,1984-85,regular,Regular Season,minutes_out_of_tolerance,minutes_out_of_tolerance,-29.0,0.0,2
28400646,1984,1984-85,regular,Regular Season,minutes_out_of_tolerance,minutes_out_of_tolerance,-15.0,0.0,2
28400651,1984,1984-85,regular,Regular Season,minutes_out_of_tolerance,minutes_out_of_tolerance,-16.0,0.0,2
28400652,1984,1984-85,regular,Regular Season,minutes_out_of_tolerance,minutes_out_of_tolerance,-41.0,0.0,2
28400653,1984,1984-85,regular,Regular Season,minutes_out_of_tolerance,minutes_out_of_tolerance,-20.0,0.0,2
28400660,1984,1984-85,regular,Regular Season,minutes_out_of_tolerance,minutes_out_of_tolerance,-35.0,0.0,2
28400662,1984,1984-85,regular,Regular Season,minutes_out_of_tolerance,minutes_out_of_tolerance,-45.0,0.0,2
28400663,1984,1984-85,regular,Regular Season,minutes_out_of_tolerance,minutes_out_of_tolerance|minutes_out_of_tolerance,-40.0,-21.0,2
28400667,1984,1984-85,regular,Regular Season,minutes_out_of_tolerance,minutes_out_of_tolerance,-28.0,-9.0,2
28400674,1984,1984-85,regular,Regular Season,minutes_out_of_tolerance,minutes_out_of_tolerance,-27.0,0.0,2
28400687,1984,1984-85,regular,Regular Season,minutes_out_of_tolerance,minutes_out_of_tolerance,-31.0,0.0,2
28400688,1984,1984-85,regular,Regular Season,minutes_out_of_tolerance,minutes_out_of_tolerance|minutes_out_of_tolerance,-42.0,-17.0,2
28400690,1984,1984-85,regular,Regular Season,minutes_out_of_tolerance,minutes_out_of_tolerance,-44.0,0.0,2
28400697,1984,1984-85,regular,Regular Season,minutes_out_of_tolerance,minutes_out_of_tolerance,-31.0,0.0,2
28400702,1984,1984-85,regular,Regular Season,minutes_out_of_tolerance,minutes_out_of_tolerance|minutes_out_of_tolerance,-32.0,-12.0,2
28400705,1984,1984-85,regular,Regular Season,minutes_out_of_tolerance,minutes_out_of_tolerance,-29.0,0.0,2
28400711,1984,1984-85,regular,Regular Season,minutes_out_of_tolerance,minutes_out_of_tolerance,-37.0,0.0,2
28400712,1984,1984-85,regular,Regular Season,minutes_out_of_tolerance,minutes_out_of_tolerance,-76.0,0.0,2
28400715,1984,1984-85,regular,Regular Season,minutes_out_of_tolerance,minutes_out_of_tolerance,-37.0,0.0,2
28400716,1984,1984-85,regular,Regular Season,minutes_out_of_tolerance,minutes_out_of_tolerance,-27.0,0.0,2
28400722,1984,1984-85,regular,Regular Season,minutes_out_of_tolerance,minutes_out_of_tolerance,-36.0,0.0,2
28400727,1984,1984-85,regular,Regular Season,minutes_out_of_tolerance,minutes_out_of_tolerance,-16.0,0.0,2
28400730,1984,1984-85,regular,Regular Season,minutes_out_of_tolerance,minutes_out_of_tolerance,-15.0,-10.0,2
28400731,1984,1984-85,regular,Regular Season,minutes_out_of_tolerance,minutes_out_of_tolerance,0.0,20.0,2
28400732,1984,1984-85,regular,Regular Season,minutes_out_of_tolerance,minutes_out_of_tolerance,-37.0,0.0,2
28400742,1984,1984-85,regular,Regular Season,minutes_out_of_tolerance,minutes_out_of_tolerance,-20.0,0.0,2
28400743,1984,1984-85,regular,Regular Season,minutes_out_of_tolerance,minutes_out_of_tolerance,-14.0,0.0,2
28400745,1984,1984-85,regular,Regular Season,minutes_out_of_tolerance,minutes_out_of_tolerance,-37.0,0.0,2
28400749,1984,1984-85,regular,Regular Season,minutes_out_of_tolerance,minutes_out_of_tolerance,-24.0,0.0,2
28400752,1984,1984-85,regular,Regular Season,minutes_out_of_tolerance,minutes_out_of_tolerance,-37.0,0.0,2
28400760,1984,1984-85,regular,Regular Season,minutes_out_of_tolerance,minutes_out_of_tolerance,-22.0,0.0,2
28400763,1984,1984-85,regular,Regular Season,minutes_out_of_tolerance,minutes_out_of_tolerance,-39.0,0.0,2
28400767,1984,1984-85,regular,Regular Season,minutes_out_of_tolerance,minutes_out_of_tolerance,-13.0,0.0,2
28400769,1984,1984-85,regular,Regular Season,minutes_out_of_tolerance,minutes_out_of_tolerance,-36.0,0.0,2
28400777,1984,1984-85,regular,Regular Season,minutes_out_of_tolerance,minutes_out_of_tolerance,-39.0,5.0,2
28400786,1984,1984-85,regular,Regular Season,minutes_out_of_tolerance,minutes_out_of_tolerance,-12.0,0.0,2
28400791,1984,1984-85,regular,Regular Season,minutes_out_of_tolerance,minutes_out_of_tolerance,-35.0,0.0,2
28400792,1984,1984-85,regular,Regular Season,minutes_out_of_tolerance,minutes_out_of_tolerance,-34.0,0.0,2
28400801,1984,1984-85,regular,Regular Season,minutes_out_of_tolerance,minutes_out_of_tolerance,-37.0,0.0,2
28400802,1984,1984-85,regular,Regular Season,minutes_out_of_tolerance,minutes_out_of_tolerance,-40.0,0.0,2
28400809,1984,1984-85,regular,Regular Season,minutes_out_of_tolerance,minutes_out_of_tolerance,-14.0,0.0,2
28400814,1984,1984-85,regular,Regular Season,minutes_out_of_tolerance,minutes_out_of_tolerance,-37.0,0.0,2
28400815,1984,1984-85,regular,Regular Season,minutes_out_of_tolerance,minutes_out_of_tolerance,-41.0,0.0,2
28400822,1984,1984-85,regular,Regular Season,minutes_out_of_tolerance,minutes_out_of_tolerance,-37.0,0.0,2
28400823,1984,1984-85,regular,Regular Season,minutes_out_of_tolerance,minutes_out_of_tolerance,-31.0,0.0,2
28400825,1984,1984-85,regular,Regular Season,minutes_out_of_tolerance,minutes_out_of_tolerance,-17.0,0.0,2
28400827,1984,1984-85,regular,Regular Season,minutes_out_of_tolerance,minutes_out_of_tolerance,-35.0,0.0,2
28400836,1984,1984-85,regular,Regular Season,minutes_out_of_tolerance,minutes_out_of_tolerance,-13.0,0.0,2
28400840,1984,1984-85,regular,Regular Season,minutes_out_of_tolerance,minutes_out_of_tolerance,-36.0,0.0,2
28400841,1984,1984-85,regular,Regular Season,minutes_out_of_tolerance,minutes_out_of_tolerance|minutes_out_of_tolerance,-26.0,-20.0,2
28400847,1984,1984-85,regular,Regular Season,minutes_out_of_tolerance,minutes_out_of_tolerance,-12.0,0.0,2
28400851,1984,1984-85,regular,Regular Season,minutes_out_of_tolerance,minutes_out_of_tolerance|minutes_out_of_tolerance,-31.0,-24.0,2
28400852,1984,1984-85,regular,Regular Season,minutes_out_of_tolerance,minutes_out_of_tolerance,-13.0,0.0,2
28400854,1984,1984-85,regular,Regular Season,minutes_out_of_tolerance,minutes_out_of_tolerance,-39.0,0.0,2
28400861,1984,1984-85,regular,Regular Season,minutes_out_of_tolerance,minutes_out_of_tolerance|minutes_out_of_tolerance,-39.0,-12.0,2
28400862,1984,1984-85,regular,Regular Season,minutes_out_of_tolerance,minutes_out_of_tolerance,-28.0,0.0,2
28400869,1984,1984-85,regular,Regular Season,minutes_out_of_tolerance,minutes_out_of_tolerance,-32.0,0.0,2
28400874,1984,1984-85,regular,Regular Season,minutes_out_of_tolerance,minutes_out_of_tolerance,-12.0,0.0,2
28400876,1984,1984-85,regular,Regular Season,minutes_out_of_tolerance,minutes_out_of_tolerance,-36.0,0.0,2
28400877,1984,1984-85,regular,Regular Season,minutes_out_of_tolerance,minutes_out_of_tolerance,-13.0,0.0,2
28400882,1984,1984-85,regular,Regular Season,minutes_out_of_tolerance,minutes_out_of_tolerance,-34.0,0.0,2
28400888,1984,1984-85,regular,Regular Season,minutes_out_of_tolerance,minutes_out_of_tolerance,-36.0,0.0,2
28400891,1984,1984-85,regular,Regular Season,minutes_out_of_tolerance,minutes_out_of_tolerance,-36.0,0.0,2
28400895,1984,1984-85,regular,Regular Season,minutes_out_of_tolerance,minutes_out_of_tolerance,-42.0,0.0,2
28400899,1984,1984-85,regular,Regular Season,minutes_out_of_tolerance,minutes_out_of_tolerance,-40.0,0.0,2
28400901,1984,1984-85,regular,Regular Season,minutes_out_of_tolerance,minutes_out_of_tolerance,-18.0,0.0,2
28400907,1984,1984-85,regular,Regular Season,minutes_out_of_tolerance,minutes_out_of_tolerance,-11.0,0.0,2
28400908,1984,1984-85,regular,Regular Season,minutes_out_of_tolerance,minutes_out_of_tolerance,-63.0,0.0,2
28400909,1984,1984-85,regular,Regular Season,minutes_out_of_tolerance,minutes_out_of_tolerance,-29.0,0.0,2
28400910,1984,1984-85,regular,Regular Season,minutes_out_of_tolerance,minutes_out_of_tolerance,-34.0,0.0,2
28400920,1984,1984-85,regular,Regular Season,minutes_out_of_tolerance,minutes_out_of_tolerance,-35.0,0.0,2
28400927,1984,1984-85,regular,Regular Season,minutes_out_of_tolerance,minutes_out_of_tolerance|minutes_out_of_tolerance,-40.0,-23.0,2
28400928,1984,1984-85,regular,Regular Season,minutes_out_of_tolerance,minutes_out_of_tolerance,-30.0,0.0,2
28400939,1984,1984-85,regular,Regular Season,minutes_out_of_tolerance,minutes_out_of_tolerance,-20.0,0.0,2
28400941,1984,1984-85,regular,Regular Season,minutes_out_of_tolerance,minutes_out_of_tolerance,-42.0,0.0,2
28500069,1985,1985-86,regular,Regular Season,minutes_out_of_tolerance,minutes_out_of_tolerance,-21.0,0.0,2
28500122,1985,1985-86,regular,Regular Season,minutes_out_of_tolerance,minutes_out_of_tolerance,-13.0,0.0,2
28500310,1985,1985-86,regular,Regular Season,minutes_out_of_tolerance,minutes_out_of_tolerance,-22.0,0.0,2
28500348,1985,1985-86,regular,Regular Season,minutes_out_of_tolerance,minutes_out_of_tolerance,-22.0,0.0,2
28500356,1985,1985-86,regular,Regular Season,minutes_out_of_tolerance,minutes_out_of_tolerance,-25.0,0.0,2
28500372,1985,1985-86,regular,Regular Season,minutes_out_of_tolerance,minutes_out_of_tolerance,-41.0,0.0,2
28500412,1985,1985-86,regular,Regular Season,minutes_out_of_tolerance,minutes_out_of_tolerance,-30.0,0.0,2
28500413,1985,1985-86,regular,Regular Season,minutes_out_of_tolerance,minutes_out_of_tolerance,-22.0,0.0,2
28500452,1985,1985-86,regular,Regular Season,minutes_out_of_tolerance,minutes_out_of_tolerance,-23.0,0.0,2
28500461,1985,1985-86,regular,Regular Season,minutes_out_of_tolerance,minutes_out_of_tolerance,-27.0,0.0,2
28500524,1985,1985-86,regular,Regular Season,minutes_out_of_tolerance,minutes_out_of_tolerance,-20.0,0.0,2
28500918,1985,1985-86,regular,Regular Season,minutes_out_of_tolerance,minutes_out_of_tolerance,-26.0,0.0,2
48500304,1985,1985-86,playoffs,Playoffs,minutes_out_of_tolerance,minutes_out_of_tolerance,-12.0,0.0,2
28600248,1986,1986-87,regular,Regular Season,minutes_out_of_tolerance,minutes_out_of_tolerance,-42.0,0.0,2
48600054,1986,1986-87,playoffs,Playoffs,minutes_out_of_tolerance,minutes_out_of_tolerance,-35.0,0.0,2
28800100,1988,1988-89,regular,Regular Season,minutes_out_of_tolerance,minutes_out_of_tolerance,-22.0,0.0,2
28800140,1988,1988-89,regular,Regular Season,minutes_out_of_tolerance,minutes_out_of_tolerance,-20.0,0.0,2
28800269,1988,1988-89,regular,Regular Season,minutes_out_of_tolerance,minutes_out_of_tolerance,-13.0,0.0,2
29000079,1990,1990-91,regular,Regular Season,minutes_out_of_tolerance,minutes_out_of_tolerance|minutes_out_of_tolerance,-26.0,-11.0,2
29100807,1991,1991-92,regular,Regular Season,minutes_out_of_tolerance,minutes_out_of_tolerance,-14.0,0.0,2
29200019,1992,1992-93,regular,Regular Season,minutes_out_of_tolerance,minutes_out_of_tolerance,-15.0,0.0,2
29200044,1992,1992-93,regular,Regular Season,minutes_out_of_tolerance,minutes_out_of_tolerance,-15.0,0.0,2
29200201,1992,1992-93,regular,Regular Season,minutes_out_of_tolerance,minutes_out_of_tolerance,-15.0,0.0,2
29200759,1992,1992-93,regular,Regular Season,minutes_out_of_tolerance,minutes_out_of_tolerance,-14.0,0.0,2
29201005,1992,1992-93,regular,Regular Season,minutes_out_of_tolerance,minutes_out_of_tolerance,-15.0,0.0,2
29201008,1992,1992-93,regular,Regular Season,minutes_out_of_tolerance,minutes_out_of_tolerance,-27.0,0.0,2
29201030,1992,1992-93,regular,Regular Season,minutes_out_of_tolerance,minutes_out_of_tolerance,-22.0,0.0,2
29201046,1992,1992-93,regular,Regular Season,minutes_out_of_tolerance,minutes_out_of_tolerance,-22.0,0.0,2
29201064,1992,1992-93,regular,Regular Season,minutes_out_of_tolerance,minutes_out_of_tolerance,-13.0,0.0,2
29201072,1992,1992-93,regular,Regular Season,minutes_out_of_tolerance,minutes_out_of_tolerance,-11.0,0.0,2
29300873,1993,1993-94,regular,Regular Season,minutes_out_of_tolerance,minutes_out_of_tolerance,-24.0,0.0,2
29300961,1993,1993-94,regular,Regular Season,minutes_out_of_tolerance,minutes_out_of_tolerance,-22.0,0.0,2
29300975,1993,1993-94,regular,Regular Season,minutes_out_of_tolerance,minutes_out_of_tolerance,-11.0,0.0,2
29300992,1993,1993-94,regular,Regular Season,minutes_out_of_tolerance,minutes_out_of_tolerance,-16.0,0.0,2
29300996,1993,1993-94,regular,Regular Season,minutes_out_of_tolerance,minutes_out_of_tolerance,-17.0,0.0,2
29301012,1993,1993-94,regular,Regular Season,minutes_out_of_tolerance,minutes_out_of_tolerance,-19.0,0.0,2
29301065,1993,1993-94,regular,Regular Season,minutes_out_of_tolerance,minutes_out_of_tolerance,-16.0,0.0,2
29301079,1993,1993-94,regular,Regular Season,minutes_out_of_tolerance,minutes_out_of_tolerance,-21.0,0.0,2
29301082,1993,1993-94,regular,Regular Season,minutes_out_of_tolerance,minutes_out_of_tolerance,-17.0,0.0,2
29301107,1993,1993-94,regular,Regular Season,minutes_out_of_tolerance,minutes_out_of_tolerance,-15.0,0.0,2
29600070,1996,1996-97,regular,Regular Season,minutes_out_of_tolerance,minutes_out_of_tolerance|minutes_out_of_tolerance,-23.0,23.633333333333326,2
20400396,2004,2004-05,regular,Regular Season,minutes_out_of_tolerance,minutes_out_of_tolerance,-4.0,38.0,2
22400627,2024,2024-25,regular,Regular Season,team_no_played_rows,team_no_played_rows|team_no_played_rows,,,0
22400988,2024,2024-25,regular,Regular Season,team_no_played_rows,team_no_played_rows|team_no_played_rows,,,0
