season,players,minutes_weighted_mean,weighted_p10,weighted_p25,weighted_median,weighted_p75,weighted_p90,unweighted_mean,unweighted_median,unweighted_sd,top_rating
1977,295.0,1459.55205819028,1229.255462428043,1308.7867214556018,1434.8061334466931,1616.7050621815697,1723.932833533304,1370.7300942595728,1333.94434895693,185.25249997400718,2035.90559633773
1978,285.0,1496.1907955087304,1281.8815738367675,1346.7814853239397,1492.2131221780955,1618.3902822968405,1729.6216729637376,1415.9043042293856,1381.0379162818629,174.08954293355436,2023.9818661253405
1979,280.0,1523.1056170203183,1300.2156207336698,1377.471172732775,1513.8474518552855,1661.5449906214965,1762.276320957789,1445.1586566610424,1414.528930080603,168.3322349191525,2009.8710675641423
1980,287.0,1540.7902467324225,1323.716838354607,1412.3319417760422,1539.3296705251034,1649.3229425329932,1770.1021971527273,1461.164119514964,1422.8138400476737,168.9745859856629,1997.7360804857656
1981,304.0,1549.1317305616915,1335.9598026728686,1417.6795113657738,1537.1182045524774,1670.5063282318438,1749.4180233165537,1471.8995566969095,1430.651122907844,163.94653035522592,1982.6436104629595
1982,316.0,1570.210143986194,1351.9116549897076,1425.7455460680478,1562.1673115553697,1691.0266429087949,1794.2444027693225,1483.5190866617809,1439.1674816586715,167.54946502889553,2094.405919747107
1983,316.0,1587.6555301069805,1362.2086888999074,1449.72248106901,1574.2797362790593,1703.0966407846215,1830.3608480474272,1499.5906214070797,1457.5555595306432,173.31774798698643,2046.878983532035
1984,310.0,1609.5682410823845,1381.5615275245082,1476.2014804386922,1591.557169344022,1731.2925244703908,1852.00657861146,1513.7879036352588,1475.9878884285354,174.51596849445855,2097.968418823699
1985,314.0,1615.6194434984734,1371.0363939129377,1467.2146663657754,1607.9711186147842,1750.0694760274744,1870.6538342318308,1517.5798074011987,1469.596278432121,175.8270519480013,2085.1400813917344
1986,325.0,1610.562740302431,1375.088272145828,1469.7886145704126,1592.970803173506,1738.251067108129,1825.2470048416592,1522.5648364965493,1488.8507076650742,174.21567496352066,2106.508379297662
1987,335.0,1624.9938731869183,1392.4329682385833,1477.325636024637,1604.6301226673436,1753.9370929294523,1850.3177104870983,1524.8711217680795,1479.8813053724562,180.06901389613864,2193.390507629406
1988,332.0,1633.538632224958,1394.8020995012412,1495.6789055939398,1617.360975018727,1755.4465006090022,1867.592214833007,1525.758649428167,1489.6393493284481,180.59826143389202,2224.553352872316
1989,353.0,1631.5769031586276,1399.1772308701495,1488.0628023889026,1625.096711380792,1741.5828638605444,1859.0224658876684,1526.3831454784222,1479.274090563167,181.7033767347615,2250.306411803543
1990,382.0,1633.3296768413486,1388.9742209401793,1488.973298511777,1615.315824456943,1747.7612062870785,1885.4283909875703,1525.332275321932,1473.2162397858003,182.82189046423517,2215.0283332400218
1991,388.0,1634.4149301140951,1393.5377386663413,1492.0713257381017,1617.9570734497636,1748.021986429817,1879.834200561648,1528.5404707851148,1471.4539278327638,182.60374647595967,2228.250731607169
1992,385.0,1639.3763048348455,1403.971527120143,1503.8038388063585,1628.0060943998203,1759.076880102036,1875.0590995143684,1530.6443913723615,1492.3668151833474,180.58891111704813,2185.55602612461
1993,389.0,1640.481873629623,1417.358845870507,1494.5752408928815,1642.9584501215556,1760.227241772041,1860.8715906447385,1535.2272853130985,1489.2679028740156,179.40884315182572,2212.040315576563
1994,402.0,1640.6314148401484,1409.3127197448744,1513.3281074493889,1630.2393284830366,1760.4270522292666,1863.5339848236335,1528.2947163636916,1492.390073880158,174.72253015897533,2203.420229071177
1995,407.0,1640.142602624567,1409.377990933653,1498.203425713177,1640.6211381559997,1751.4750570150711,1887.0176803858149,1531.9092275971184,1485.9144365291768,179.6496720840038,2158.967790029488
1996,429.0,1640.1442576031288,1409.6508727044495,1503.3567562616784,1636.7009141608692,1760.9126849362162,1878.765123755344,1534.1054423835164,1493.3131114216842,177.57119432346587,2181.4156710843263
1997,440.0,1647.8919485031759,1416.823582623355,1508.527239291076,1639.6510418653943,1763.9174279832323,1900.0461397546392,1532.5659768208072,1480.0995329242596,176.64892275748568,2173.7501072103364
1998,440.0,1643.7097198542199,1418.111364550709,1508.114956246612,1632.9604874301262,1760.1072430235895,1870.3420576566448,1537.183841482916,1494.542276163978,174.2789016532333,2178.4262161684205
1999,440.0,1643.0284722254319,1431.25511922845,1512.194665258012,1626.7650267485758,1764.0745818507323,1870.1834331845823,1539.4810980883929,1500.0643110164006,165.2991857414781,2114.3512427020696
2000,438.0,1646.7769789393792,1437.5536660267826,1510.1747943078335,1623.3415700161186,1771.166425348843,1883.1507682141469,1542.8338340595571,1503.6488598284504,167.79032248266063,2263.7394040289287
2001,440.0,1649.601510540706,1428.856164579798,1507.0727312753982,1614.0814609526974,1768.5180267458252,1923.436014996742,1542.5586856399718,1495.9297387756887,172.4049319211247,2185.827868395956
2002,440.0,1648.2109918719607,1426.7260230373377,1512.907288571448,1618.2936106776372,1776.8918801844136,1888.3642850782749,1543.229684884121,1497.32509910248,170.5546945143936,2219.251778952551
2003,428.0,1652.0396799866799,1436.7501050971111,1510.240232484523,1636.5029189688062,1762.853119077691,1901.5989361028933,1545.247662056777,1502.9903119645774,172.58087676419026,2194.48410953535
2004,442.0,1644.9695776424844,1433.700657684646,1505.7750927663449,1636.7157502377663,1766.523766649092,1880.42430853264,1541.4241987816936,1491.374787319418,165.8982391173972,2150.4928438942816
2005,464.0,1639.352280106854,1420.3905067801682,1493.6423123792529,1620.4277018479945,1764.6870385097952,1886.5404285316947,1536.4015050141077,1489.0383183914587,169.08690863295158,2152.591111998487
2006,457.0,1647.5975470846547,1427.2210836236648,1501.407962396675,1621.0412271970563,1778.6488771451209,1918.4176095198789,1540.136626642303,1492.7321095745892,173.0916691348582,2170.2138224149376
2007,457.0,1641.1768848254706,1433.9588495927271,1501.2326586224146,1615.787054712211,1762.7038923901614,1898.573213580758,1542.9944739139319,1493.2686404922374,170.20738592358884,2139.57675613166
2008,451.0,1649.2463184404469,1438.3705082604122,1506.7408798085455,1624.4682314251518,1790.2275428998896,1893.5765120681367,1545.786454154777,1500.1236230814848,172.77494328516605,2173.975654673036
2009,445.0,1645.8242382939097,1428.4499143661249,1505.5751327395635,1634.7347668724888,1755.9940137216165,1877.9380583367151,1546.9204389657525,1498.7384500378016,174.6397033575849,2299.1417090353198
2010,441.0,1649.0729125612777,1431.8354965110027,1524.8615408413643,1626.0025847243749,1764.4782369694285,1874.659298415129,1550.5713968035461,1520.3885418270006,170.57191496190674,2277.297154949054
2011,452.0,1649.5189234189086,1435.7542434323552,1512.1313682686527,1630.83724740377,1772.4410617263104,1882.9754024770775,1549.7260924180227,1511.648634010574,169.18936088211217,2138.7221523590883
2012,478.0,1635.1577811308532,1424.5503654420202,1502.5620251264031,1608.6297583736614,1749.169579107317,1862.2930928640335,1543.608804310754,1503.38735632623,163.47637445442396,2223.536370651192
2013,470.0,1637.228987807647,1429.0345430909397,1504.7582544696822,1617.0662874958125,1748.5957748090896,1876.912068033327,1546.031030683934,1506.4523410466595,163.98300293676226,2238.381931426751
2014,482.0,1643.2230110737448,1428.926713596309,1512.3976400989634,1621.8699342380544,1750.2986523068614,1878.5258434998696,1545.6538552836055,1505.1651348381392,168.30482006441883,2222.8917496020167
2015,492.0,1630.0697590298719,1428.9720647780514,1496.3646922584712,1603.442805695083,1746.720165236861,1851.0371182645565,1544.403213606264,1499.4984664957256,161.84472188376515,2133.706397345346
2016,478.0,1636.617499162049,1440.0252264879643,1506.894079724349,1601.5663717286916,1745.6901210889748,1881.2482889270584,1548.7924841920628,1511.0555897180839,162.64226162737302,2163.2326968327457
2017,485.0,1635.9339012331252,1434.9965683595287,1491.1941129972831,1597.4467786815733,1742.2169785493547,1938.253422981742,1546.1163317224068,1503.0190023681844,166.3907534659766,2206.459578276392
2018,540.0,1625.6172049764273,1430.955266049711,1493.851790439987,1584.1716752196023,1740.0021775085168,1869.7126432030773,1530.7660534936056,1485.7497574847953,163.38379902029524,2218.6958742479906
2019,526.0,1630.8927730689961,1421.0381480914227,1494.393756939024,1596.7165234104605,1733.7171391313243,1910.7113757526115,1536.2645479528271,1492.5964756741978,163.95440678331386,2175.4519356449787
2020,529.0,1623.8129258603901,1423.489840862283,1490.0354323176414,1593.369393820064,1732.4209445153274,1878.193669410668,1532.3337348187133,1485.002838547986,163.1255161169625,2168.306333139775
2021,541.0,1627.4737838012932,1412.9820448791754,1489.026887995072,1589.5086310988906,1719.5955329786352,1907.4516441725464,1533.4287465072357,1487.357164498341,169.62528066068498,2132.1720763706358
2022,606.0,1626.4828589133258,1426.3813889737037,1496.0372954522695,1587.0008491310818,1732.0875964101238,1890.546028284844,1519.8238932542863,1470.8803269027508,163.31338649263554,2170.774510893993
2023,541.0,1644.4842607314931,1428.6285823239325,1498.6926812944273,1610.4747229657676,1749.8966353956382,1917.9694447610168,1539.9069921191015,1488.5067424984368,175.49191367729398,2199.4984419235006
2024,570.0,1650.6202269194448,1427.134687002857,1502.1339171094685,1626.2494784546147,1759.1016494131331,1934.2134181747583,1534.8823909146492,1478.1469688889742,174.32279046528188,2206.1965430166915
2025,569.0,1641.5206252101443,1435.6634617940615,1495.0096429123205,1603.7437441091604,1770.9928336640369,1928.5182872649157,1538.224895016142,1487.1962597047882,171.98914552886546,2210.484174352974
2026,582.0,1626.7842321302253,1416.1021622763872,1487.499224303674,1592.455247992432,1738.9468724257374,1888.4956695784977,1533.1330515527222,1484.8606414243438,170.8140323657097,2202.2795109452263
